[{"@type":"mtTask","id":"@1","name":"mct_fully_param","description":"","autoExpireObject":false,"runtimeEnvironmentId":"@lOs3kVfySULeUZcBbsTU68","maxLogs":10,"verbose":false,"lastRunTime":1732602185000,"mappingId":"@2annGWCMJVQcZ86oaUrfu7","frsGuid":"6v0CxAGKpV5iIhOM0ytMo2","shortDescription":"","sessionPropertiesList":[{"name":"Pushdown Optimization","value":"None","recommended":false},{"name":"Pushdown Optimization Context","value":"None","recommended":false},{"name":"Pushdown Optimization Fallback Option","value":"Partial PDO","recommended":false}],"hidden":false,"enableCrossSchemaPushdown":true,"enableParallelRun":false,"autoTunedApplied":false,"autoTunedAppliedType":"NONE","parameterFileName":"mct_fully_param.param","parameterFileDir":"/home/amulya/parameter","paramFileType":"PARAM_FILE_LOCAL","schemaMode":"async","valid":true,"schemaValidationErrorCount":-1,"serverlessProperties":{},"taskProperties":[{"@type":"taskProperty","name":"parameterFileDir","currentValue":"/home/amulya/parameter","type":"STRING","label":"label.parameterFileDir","required":false},{"@type":"taskProperty","name":"parameterFileName","currentValue":"mct_fully_param.param","type":"STRING","label":"label.parameterFileName","required":false},{"@type":"taskProperty","name":"outboundMessageUrlQueueTime","currentValue":"","type":"NUMBER","label":"label.outboundMessageUrlQueueTime","required":false},{"@type":"taskProperty","name":"outboundMessageUrlToken","currentValue":"","type":"STRING","label":"label.outboundMessageUrlToken","required":false}],"optimizationPlan":"NONE","isMidstreamPreview":false,"allowMaxFieldLength":false,"specialCharacterSupport":false,"useUserDefinedOrder":false,"parameters":[{"@type":"mtTaskParameter","id":1068268339,"name":"$Source$","type":"EXTENDED_SOURCE","label":"Oracle (P_OraConn1)","description":"","uiProperties":{"cnxtype":"Oracle","connectionParameterized":"true","paramName":"P_OraConn1","paramLabel":"Oracle","paramType-mapping":"Connection","logcnx":"P_OraConn1","isSelectDistinct":"false","isMsrcFilterParameterized":"false","isMsrcSortParameterized":"false","objlabel":"Oracle","origobjlabel":"Oracle","objectParameterized":"true","objDesc":"","objectParamName":"IP_OracleObject12","objectParamType-mapping":"DataObject","flags":"SUPPORTS_MULTI_SCHEMA","originalPath":"Source"},"sourceConnectionId":"@9NpYgSVLB0rePcpNIQESI3","newFlatFile":false,"newObject":false,"showBusinessNames":true,"naturalOrder":true,"truncateTarget":false,"bulkApiDBTarget":false,"customFuncCfg":{"@type":"customFuncConfig","id":-1,"connections":[],"inputMap":[],"outputFields":[]},"targetRefsV2":{},"targetUpdateColumns":[],"fieldOrderList":[],"extendedObject":{"@type":"extendedObject","object":{"@type":"mObject","name":"AMNAIKA/AMZ","label":"AMZ","metadataUpdated":false,"dbSchema":"AMNAIKA","relations":[],"children":[]},"singleMode":true,"objects":[{"@type":"mObject","name":"AMNAIKA/AMZ","label":"AMZ","metadataUpdated":false,"dbSchema":"AMNAIKA","relations":[],"children":[]}],"filters":[],"sortFields":[]},"runtimeAttrs":{},"isRESTModernSource":true,"commandType":0,"isFileList":false,"handleSpecialChars":false,"handleDecimalRoundOff":false,"frsAsset":false,"dynamicFileName":false,"excludeDynamicFileNameField":false,"currentlyProcessedFileName":false,"retainFieldMetadata":false,"useExactSrcNames":false,"userUpdated":true,"fetchMode":"ORIGINAL","tgtObjectAttributes":{},"runtimeParameterData":{"@type":"mtTaskRuntimeParameterData","isConnectionRuntimeParameter":true,"isObjectRuntimeParameter":true,"connectionParameterName":"P_OraConn1","objectParameterName":"IP_OracleObject12","objectDefaultValue":"AMZ"},"overridableProperties":[],"overriddenFields":[]},{"@type":"mtTaskParameter","id":1068268340,"name":"$src_ora$","type":"EXTENDED_SOURCE","label":"Oracle (P_OraConn1)","description":"","uiProperties":{"cnxtype":"Oracle","connectionParameterized":"true","paramName":"P_OraConn1","paramLabel":"Oracle","paramType-mapping":"Connection","logcnx":"P_OraConn1","isSelectDistinct":"false","isMsrcFilterParameterized":"false","isMsrcSortParameterized":"false","objlabel":"Oracle","origobjlabel":"Oracle","objectParameterized":"true","objDesc":"","objectParamName":"IP_OracleObject12","objectParamType-mapping":"DataObject","flags":"SUPPORTS_MULTI_SCHEMA","originalPath":"src_ora"},"sourceConnectionId":"@9NpYgSVLB0rePcpNIQESI3","newFlatFile":false,"newObject":false,"showBusinessNames":true,"naturalOrder":true,"truncateTarget":false,"bulkApiDBTarget":false,"customFuncCfg":{"@type":"customFuncConfig","id":-1,"connections":[],"inputMap":[],"outputFields":[]},"targetRefsV2":{},"targetUpdateColumns":[],"fieldOrderList":[],"extendedObject":{"@type":"extendedObject","object":{"@type":"mObject","name":"CUSTOMER","label":"CUSTOMER","metadataUpdated":false,"relations":[],"children":[]},"singleMode":true,"objects":[{"@type":"mObject","name":"CUSTOMER","label":"CUSTOMER","metadataUpdated":false,"relations":[],"children":[]}],"filters":[],"sortFields":[]},"runtimeAttrs":{},"isRESTModernSource":true,"commandType":0,"isFileList":false,"handleSpecialChars":false,"handleDecimalRoundOff":false,"frsAsset":false,"dynamicFileName":false,"excludeDynamicFileNameField":false,"currentlyProcessedFileName":false,"retainFieldMetadata":false,"useExactSrcNames":false,"userUpdated":true,"fetchMode":"ORIGINAL","tgtObjectAttributes":{},"runtimeParameterData":{"@type":"mtTaskRuntimeParameterData","isConnectionRuntimeParameter":true,"isObjectRuntimeParameter":true,"connectionParameterName":"P_OraConn1","objectParameterName":"IP_OracleObject12","objectDefaultValue":"CUSTOMER"},"overridableProperties":[],"overriddenFields":[]},{"@type":"mtTaskParameter","id":1068268341,"name":"$Target$","type":"TARGET","label":"LocalCSVFile (P_LocalCSVConnection)","description":"","uiProperties":{"cnxtype":"CSVFile","connectionParameterized":"true","paramName":"P_LocalCSVConnection","paramLabel":"LocalCSVFile","paramType-mapping":"Connection","logcnx":"P_LocalCSVConnection","default":"testy.csv","objlabel":"gile","origobjlabel":"","objectParameterized":"true","objDesc":"","objectParamName":"gile","objectParamType-mapping":"DataObject","defaultTargetUpdateColumns":"","noCreateTarget":"true","supportApplyDDLChanges":"false","originalPath":"Target"},"targetConnectionId":"@5224leEVLeNdeKFY7zBBGE","targetObject":"Oracle_load_src.csv","targetObjectLabel":"Oracle_load_src.csv","newFlatFile":false,"newObject":false,"showBusinessNames":true,"naturalOrder":true,"truncateTarget":false,"bulkApiDBTarget":false,"operationType":"Insert","customFuncCfg":{"@type":"customFuncConfig","id":-1,"connections":[],"inputMap":[],"outputFields":[]},"targetRefsV2":{},"targetUpdateColumns":[],"fieldOrderList":[],"extendedObject":{"@type":"extendedObject","singleMode":true,"filters":[],"sortFields":[]},"runtimeAttrs":{},"isRESTModernSource":true,"commandType":0,"isFileList":false,"handleSpecialChars":false,"handleDecimalRoundOff":false,"frsAsset":false,"dynamicFileName":false,"excludeDynamicFileNameField":false,"currentlyProcessedFileName":false,"retainFieldMetadata":false,"objectName":"Oracle_load_src.csv","objectLabel":"Oracle_load_src.csv","useExactSrcNames":false,"userUpdated":true,"fetchMode":"ORIGINAL","tgtObjectAttributes":{},"runtimeParameterData":{"@type":"mtTaskRuntimeParameterData","isConnectionRuntimeParameter":true,"isObjectRuntimeParameter":false,"connectionParameterName":"P_LocalCSVConnection","objectParameterName":"gile"},"overridableProperties":[],"targetSchemaProviderType":"SELECTED_OBJECT","overriddenFields":[]},{"@type":"mtTaskParameter","id":1068268342,"name":"$TargetHP$","type":"TARGET","label":"LocalCSVFile (P_LocalCSVConnection)","description":"","uiProperties":{"cnxtype":"CSVFile","connectionParameterized":"true","paramName":"P_LocalCSVConnection","paramLabel":"LocalCSVFile","paramType-mapping":"Connection","logcnx":"P_LocalCSVConnection","objlabel":"P_tgt_file","origobjlabel":"P_tgt_file","objectParameterized":"true","objDesc":"","objectParamName":"P_tgt_file1","objectParamType-mapping":"DataObject","defaultTargetUpdateColumns":"","supportApplyDDLChanges":"true","originalPath":"TargetHP"},"targetConnectionId":"@5224leEVLeNdeKFY7zBBGE","targetObject":"ff_tgt_fully_param.csv","targetObjectLabel":"ff_tgt_fully_param.csv","newFlatFile":false,"newObject":true,"showBusinessNames":true,"naturalOrder":true,"newObjectName":"ff_tgt_fully_param.csv","truncateTarget":false,"bulkApiDBTarget":false,"operationType":"Insert","customFuncCfg":{"@type":"customFuncConfig","id":-1,"connections":[],"inputMap":[],"outputFields":[]},"targetRefsV2":{},"targetUpdateColumns":[],"fieldOrderList":[],"extendedObject":{"@type":"extendedObject","singleMode":true,"filters":[],"sortFields":[]},"runtimeAttrs":{},"isRESTModernSource":true,"commandType":0,"isFileList":false,"handleSpecialChars":false,"handleDecimalRoundOff":false,"frsAsset":false,"dynamicFileName":false,"excludeDynamicFileNameField":false,"currentlyProcessedFileName":false,"retainFieldMetadata":false,"objectName":"ff_tgt_fully_param.csv","objectLabel":"ff_tgt_fully_param.csv","useExactSrcNames":false,"userUpdated":true,"fetchMode":"ORIGINAL","tgtObjectAttributes":{},"runtimeParameterData":{"@type":"mtTaskRuntimeParameterData","isConnectionRuntimeParameter":true,"isObjectRuntimeParameter":true,"connectionParameterName":"P_LocalCSVConnection","objectParameterName":"P_tgt_file1","objectDefaultValue":"ff_tgt_fully_param.csv"},"overridableProperties":[],"overriddenFields":[]}],"sequences":[],"inOutParameters":[{"@type":"mtTaskInOutParameter","id":"-1","name":"P_NAMES_1","description":"","initialValue":"","datatype":"STRING","precision":"100","scale":"0","retentionPolicy":"NEVER","aggregationType":"MAX","currentValue":""}],"connRuntimeAttrs":[]}]