[{"@type":"fwConfig","id":"@1","name":"fw_amulya","description":"","autoExpireObject":false,"lineSequential":true,"padBytes":0,"skipRows":0,"nullChar":"*","nullCharType":"ASCII","repeatNullChar":false,"stripTrailingBlank":false,"columns":[{"@type":"fwColumn","name":"COLUMN_0","nativeType":"string","precision":10,"physicalLength":0,"scale":0},{"@type":"fwColumn","name":"COLUMN_1","nativeType":"string","precision":15,"physicalLength":0,"scale":0},{"@type":"fwColumn","name":"COLUMN_2","nativeType":"string","precision":10,"physicalLength":0,"scale":0},{"@type":"fwColumn","name":"COLUMN_3","nativeType":"string","precision":32,"physicalLength":0,"scale":0},{"@type":"fwColumn","name":"COLUMN_4","nativeType":"string","precision":5,"physicalLength":0,"scale":0},{"@type":"fwColumn","name":"COLUMN_5","nativeType":"string","precision":70,"physicalLength":0,"scale":0},{"@type":"fwColumn","name":"COLUMN_6","nativeType":"string","precision":70,"physicalLength":0,"scale":0},{"@type":"fwColumn","name":"COLUMN_7","nativeType":"string","precision":19,"physicalLength":0,"scale":0},{"@type":"fwColumn","name":"COLUMN_8","nativeType":"string","precision":30,"physicalLength":0,"scale":0},{"@type":"fwColumn","name":"COLUMN_9","nativeType":"string","precision":19,"physicalLength":0,"scale":0},{"@type":"fwColumn","name":"COLUMN_10","nativeType":"string","precision":30,"physicalLength":0,"scale":0},{"@type":"fwColumn","name":"COLUMN_11","nativeType":"string","precision":19,"physicalLength":0,"scale":0},{"@type":"fwColumn","name":"COLUMN_12","nativeType":"string","precision":30,"physicalLength":0,"scale":0},{"@type":"fwColumn","name":"COLUMN_13","nativeType":"string","precision":1,"physicalLength":0,"scale":0},{"@type":"fwColumn","name":"COLUMN_14","nativeType":"string","precision":19,"physicalLength":0,"scale":0},{"@type":"fwColumn","name":"COLUMN_15","nativeType":"string","precision":30,"physicalLength":0,"scale":0},{"@type":"fwColumn","name":"COLUMN_16","nativeType":"string","precision":1,"physicalLength":0,"scale":0},{"@type":"fwColumn","name":"COLUMN_17","nativeType":"string","precision":19,"physicalLength":0,"scale":0},{"@type":"fwColumn","name":"COLUMN_18","nativeType":"string","precision":30,"physicalLength":0,"scale":0},{"@type":"fwColumn","name":"COLUMN_19","nativeType":"string","precision":1,"physicalLength":0,"scale":0},{"@type":"fwColumn","name":"COLUMN_20","nativeType":"string","precision":1,"physicalLength":0,"scale":0},{"@type":"fwColumn","name":"COLUMN_21","nativeType":"string","precision":40,"physicalLength":0,"scale":0},{"@type":"fwColumn","name":"COLUMN_22","nativeType":"string","precision":40,"physicalLength":0,"scale":0},{"@type":"fwColumn","name":"COLUMN_23","nativeType":"string","precision":10,"physicalLength":0,"scale":0},{"@type":"fwColumn","name":"COLUMN_24","nativeType":"string","precision":10,"physicalLength":0,"scale":0},{"@type":"fwColumn","name":"COLUMN_25","nativeType":"string","precision":10,"physicalLength":0,"scale":0},{"@type":"fwColumn","name":"COLUMN_26","nativeType":"string","precision":10,"physicalLength":0,"scale":0},{"@type":"fwColumn","name":"COLUMN_27","nativeType":"string","precision":10,"physicalLength":0,"scale":0},{"@type":"fwColumn","name":"COLUMN_28","nativeType":"string","precision":19,"physicalLength":0,"scale":0},{"@type":"fwColumn","name":"COLUMN_29","nativeType":"string","precision":254,"physicalLength":0,"scale":0},{"@type":"fwColumn","name":"COLUMN_30","nativeType":"string","precision":50,"physicalLength":0,"scale":0},{"@type":"fwColumn","name":"COLUMN_31","nativeType":"string","precision":50,"physicalLength":0,"scale":0},{"@type":"fwColumn","name":"COLUMN_32","nativeType":"string","precision":10,"physicalLength":0,"scale":0},{"@type":"fwColumn","name":"COLUMN_33","nativeType":"string","precision":254,"physicalLength":0,"scale":0},{"@type":"fwColumn","name":"COLUMN_34","nativeType":"string","precision":50,"physicalLength":0,"scale":0},{"@type":"fwColumn","name":"COLUMN_35","nativeType":"string","precision":50,"physicalLength":0,"scale":0},{"@type":"fwColumn","name":"COLUMN_36","nativeType":"string","precision":10,"physicalLength":0,"scale":0},{"@type":"fwColumn","name":"COLUMN_37","nativeType":"string","precision":10,"physicalLength":0,"scale":0},{"@type":"fwColumn","name":"COLUMN_38","nativeType":"string","precision":10,"physicalLength":0,"scale":0},{"@type":"fwColumn","name":"COLUMN_39","nativeType":"string","precision":10,"physicalLength":0,"scale":0},{"@type":"fwColumn","name":"COLUMN_40","nativeType":"string","precision":10,"physicalLength":0,"scale":0},{"@type":"fwColumn","name":"COLUMN_41","nativeType":"string","precision":10,"physicalLength":0,"scale":0},{"@type":"fwColumn","name":"COLUMN_42","nativeType":"string","precision":10,"physicalLength":0,"scale":0},{"@type":"fwColumn","name":"COLUMN_43","nativeType":"string","precision":10,"physicalLength":0,"scale":0},{"@type":"fwColumn","name":"COLUMN_44","nativeType":"string","precision":10,"physicalLength":0,"scale":0},{"@type":"fwColumn","name":"COLUMN_45","nativeType":"string","precision":10,"physicalLength":0,"scale":0},{"@type":"fwColumn","name":"COLUMN_46","nativeType":"string","precision":10,"physicalLength":0,"scale":0},{"@type":"fwColumn","name":"COLUMN_47","nativeType":"string","precision":10,"physicalLength":0,"scale":0},{"@type":"fwColumn","name":"COLUMN_48","nativeType":"string","precision":10,"physicalLength":0,"scale":0},{"@type":"fwColumn","name":"COLUMN_49","nativeType":"string","precision":10,"physicalLength":0,"scale":0},{"@type":"fwColumn","name":"COLUMN_50","nativeType":"string","precision":10,"physicalLength":0,"scale":0},{"@type":"fwColumn","name":"COLUMN_51","nativeType":"string","precision":10,"physicalLength":0,"scale":0},{"@type":"fwColumn","name":"COLUMN_52","nativeType":"string","precision":10,"physicalLength":0,"scale":0},{"@type":"fwColumn","name":"COLUMN_53","nativeType":"string","precision":10,"physicalLength":0,"scale":0},{"@type":"fwColumn","name":"COLUMN_54","nativeType":"string","precision":10,"physicalLength":0,"scale":0},{"@type":"fwColumn","name":"COLUMN_55","nativeType":"string","precision":10,"physicalLength":0,"scale":0},{"@type":"fwColumn","name":"COLUMN_56","nativeType":"string","precision":254,"physicalLength":0,"scale":0},{"@type":"fwColumn","name":"COLUMN_57","nativeType":"string","precision":50,"physicalLength":0,"scale":0},{"@type":"fwColumn","name":"COLUMN_58","nativeType":"string","precision":50,"physicalLength":0,"scale":0},{"@type":"fwColumn","name":"COLUMN_59","nativeType":"string","precision":10,"physicalLength":0,"scale":0},{"@type":"fwColumn","name":"COLUMN_60","nativeType":"string","precision":10,"physicalLength":0,"scale":0},{"@type":"fwColumn","name":"COLUMN_61","nativeType":"string","precision":10,"physicalLength":0,"scale":0},{"@type":"fwColumn","name":"COLUMN_62","nativeType":"string","precision":10,"physicalLength":0,"scale":0}]}]