[{"@type":"mappingTemplate","id":"@1","name":"m_AWS_manifest","description":"","bundleVersion":"0","assetFrsGuid":"1mgcrRpv1MQfHccGIk4uI9","templateId":"@3","deployTime":1727973711000,"hasParameters":false,"valid":true,"fixedConnection":true,"hasParametersDeployed":false,"fixedConnectionDeployed":true,"isSchemaValidationEnabled":false,"tasks":0,"mappingPreviewFileRecordId":"@2","documentType":"MAPPING","references":[{"@type":"reference","refObjectId":"@1Z6tiDfM9TZbWFb2t8moK3","refType":"connection"},{"@type":"reference","refObjectId":"@cMOIeowt9kNcCmjiKsktkp","refType":"connection"}]}]